<?xml version="1.0" encoding="UTF-8"?>
<cpq_package version="2.0.1.0">
  <filename>cp027485.exe</filename>
  <divisions>
    <division key="9">
      <division_xlate lang="cn">存储设备</division_xlate>
      <division_xlate lang="en">Storage</division_xlate>
      <division_xlate lang="ja">ストレージ</division_xlate>
      <division_xlate lang="ko">스토리지</division_xlate>
      <division_xlate lang="tw">儲存裝置</division_xlate>
    </division>
    <division key="6">
      <division_xlate lang="cn">服务器</division_xlate>
      <division_xlate lang="en">Server</division_xlate>
      <division_xlate lang="ja">サーバ</division_xlate>
      <division_xlate lang="ko">서버</division_xlate>
      <division_xlate lang="tw">伺服器</division_xlate>
    </division>
  </divisions>
  <operating_systems>
    <operating_system key="1136">
      <operating_system_xlate>Microsoft Windows Server 2008 x64</operating_system_xlate>
    </operating_system>
    <operating_system key="">
      <operating_system_xlate>Microsoft Windows Server 2012</operating_system_xlate>
    </operating_system>
    <operating_system key="">
      <operating_system_xlate>Microsoft Windows Server 2012 Essentials</operating_system_xlate>
    </operating_system>
    <operating_system key="">
      <operating_system_xlate>Microsoft Windows Server 2012 R2</operating_system_xlate>
    </operating_system>
    <operating_system key="">
      <operating_system_xlate>Microsoft Windows Server 2008 R2</operating_system_xlate>
    </operating_system>
  </operating_systems>
  <products>
    <product rom="P61"/>
    <product rom="W05"/>
    <product rom="W05"/>
    <product rom="O16"/>
    <product rom="A15"/>
    <product rom="A07"/>
    <product rom="A10"/>
    <product rom="O19"/>
    <product rom="O18"/>
    <product rom="O33"/>
    <product rom="I22"/>
    <product rom="P64"/>
    <product rom="P62"/>
    <product rom="P63"/>
    <product rom="I24"/>
    <product rom="D22"/>
    <product rom="P63"/>
    <product rom="O20"/>
    <product rom="O26"/>
    <product rom="A22"/>
    <product rom="W07"/>
    <product rom="W07"/>
    <product rom="A17"/>
    <product rom="A07"/>
    <product rom="P65"/>
    <product rom="W08"/>
    <product rom="O21"/>
    <product rom="A22"/>
    <product rom="O33"/>
    <product rom="O20"/>
    <product rom="A13"/>
    <product rom="O34"/>
    <product rom="A14"/>
    <product rom="A15"/>
    <product rom="O33"/>
    <product rom="O13"/>
    <product rom="A18"/>
    <product rom="A19"/>
    <product rom="A20"/>
    <product rom="P67"/>
    <product rom="O34 "/>
    <product rom="O34"/>
    <product rom="O27"/>
    <product rom="A16"/>
    <product rom="I25"/>
    <product rom="I25"/>
    <product rom="P68"/>
    <product rom="I27"/>
    <product rom="I28"/>
    <product rom="I29"/>
    <product rom="O34"/>
    <product rom="J01"/>
  </products>
  <category key="2900214">
    <category_xlate lang="cn">固件 - 存储控制器</category_xlate>
    <category_xlate lang="de">Firmware - Speichercontroller</category_xlate>
    <category_xlate lang="en">Firmware - Storage Controller</category_xlate>
    <category_xlate lang="es">Firmware - Controlador de almacenamiento</category_xlate>
    <category_xlate lang="fr">Micrologiciel - Contrôleur de stockage</category_xlate>
    <category_xlate lang="it">Firmware - Controller di memorizzazione</category_xlate>
    <category_xlate lang="ja">ファームウェア - ストレージ コントローラ</category_xlate>
    <category_xlate lang="ko">펌웨어 - 스토리지 컨트롤러</category_xlate>
    <category_xlate lang="tw">韌體 ─ 儲存裝置控制器</category_xlate>
  </category>
  <id product="8ff7492a1498480597fa29bc5f331f90" version="d8c54fe214684cf0b6e68f8f44ee7eaa"/>
  <name>
    <name_xlate lang="cn">面向 Windows (x64) 的在线 ROM 刷新组件 - 智能阵列 P212、P410、P410i、P411、P711m、P712m 和 P812</name_xlate>
    <name_xlate lang="de">Online ROM Flash Component for Windows (x64) - Smart Array P212, P410, P410i, P411, P711m, P712m, and P812</name_xlate>
    <name_xlate lang="en">Online ROM Flash Component for Windows (x64) - Smart Array P212, P410, P410i, P411, P711m, P712m, and P812</name_xlate>
    <name_xlate lang="es">Online ROM Flash Component for Windows (x64) - Smart Array P212, P410, P410i, P411, P711m, P712m, and P812</name_xlate>
    <name_xlate lang="fr">Online ROM Flash Component for Windows (x64) - Smart Array P212, P410, P410i, P411, P711m, P712m, and P812</name_xlate>
    <name_xlate lang="it">Online ROM Flash Component for Windows (x64) - Smart Array P212, P410, P410i, P411, P711m, P712m, and P812</name_xlate>
    <name_xlate lang="ja">オンラインROMフラッシュコンポーネント for Windows (x64) - SmartアレイP212、P410、P410i、P411、P711m、P712m、およびP812</name_xlate>
    <name_xlate lang="ko">Windows(x64)용 온라인 ROM 플래시 구성 요소 - 스마트 어레이 P212, P410, P410i, P411, P711m, P712m, P812</name_xlate>
    <name_xlate lang="tw">適用於 Windows (x64) 的線上 ROM 更新元件 - 智慧型陣列 P212、P410、P410i、P411、P711m、P712m 與 P812</name_xlate>
  </name>
  <alt_name>
    <alt_name_xlate lang="cn">智能阵列 P212、P410、P410i、P411、P711m、P712m 和 P812</alt_name_xlate>
    <alt_name_xlate lang="de">Smart Array P212, P410, P410i, P411, P711m, P712m, and P812</alt_name_xlate>
    <alt_name_xlate lang="en">Smart Array P212, P410, P410i, P411, P711m, P712m, and P812</alt_name_xlate>
    <alt_name_xlate lang="es">Smart Array P212, P410, P410i, P411, P711m, P712m, and P812</alt_name_xlate>
    <alt_name_xlate lang="fr">Smart Array P212, P410, P410i, P411, P711m, P712m, and P812</alt_name_xlate>
    <alt_name_xlate lang="it">Smart Array P212, P410, P410i, P411, P711m, P712m, and P812</alt_name_xlate>
    <alt_name_xlate lang="ja">SmartアレイP212、P410、P410i、P411、P711m、P712m、およびP812</alt_name_xlate>
    <alt_name_xlate lang="ko">스마트 어레이 P212, P410, P410i, P411, P711m, P712m, 및 P812</alt_name_xlate>
    <alt_name_xlate lang="tw">Smart Array P212、P410、P410i、P411、P711m、P712m 與 P812</alt_name_xlate>
  </alt_name>
  <version value="6.64" revision="B" type_of_change="1"/>
  <manufacturer_name>
    <manufacturer_name_xlate lang="cn">Hewlett-Packard Development Company, L.P.</manufacturer_name_xlate>
    <manufacturer_name_xlate lang="en">Hewlett-Packard Development Company, L.P.</manufacturer_name_xlate>
    <manufacturer_name_xlate lang="ja">Hewlett-Packard Development Company, L.P.</manufacturer_name_xlate>
    <manufacturer_name_xlate lang="ko">Hewlett-Packard Development Company, L.P.</manufacturer_name_xlate>
    <manufacturer_name_xlate lang="tw">Hewlett-Packard Development Company, L.P.</manufacturer_name_xlate>
  </manufacturer_name>
  <languages langlist="en, ja, de, fr, it, es">
    <languages_xlate lang="en">English (US), Japanese, German, French, Italian, Spanish</languages_xlate>
    <languages_xlate lang="fr">Anglais, Japonais, Allemand, Français, Italien, Espagnol</languages_xlate>
    <languages_xlate lang="de">Englisch, Japanisch, Deutsch, Französisch, Italienisch, Spanisch</languages_xlate>
    <languages_xlate lang="it">Inglese, Giapponese, Tedesco, Francese, Italiano, Spagnolo</languages_xlate>
    <languages_xlate lang="ja">英語（US）, 日本語, ドイツ語, フランス語, イタリア語, スペイン語</languages_xlate>
    <languages_xlate lang="es">Inglés, Japonés, Alemán, Francés, Italiano, Español</languages_xlate>
    <languages_xlate lang="ko">영어(미국), 일본어, 독일어, 프랑스어, 이탈리아어, 스페인어</languages_xlate>
    <languages_xlate lang="cn">英语（美国）, 日语, 德语, 法语, 意大利语, 西班牙语</languages_xlate>
    <languages_xlate lang="tw">美式英文, 日文, 德文, 法文, 義大利文, 西班牙文</languages_xlate>
  </languages>
  <release_date year="2015" month="8" day="2" hour="15" minute="29" second="7"/>
  <description>
    <description_xlate lang="cn">
<![CDATA[该x64智能组件为以下存储控制器提供固件： 智能阵列 P212、P410、P410i、P411、P711m、P712m 和 P812]]>
</description_xlate>
    <description_xlate lang="de">
<![CDATA[This x64 Smart Component provides firmware for the following storage controllers: Smart Array P212, P410, P410i, P411, P711m, P712m, and P812]]>
</description_xlate>
    <description_xlate lang="en">
<![CDATA[This x64 Smart Component provides firmware for the following storage controllers: Smart Array P212, P410, P410i, P411, P711m, P712m, and P812]]>
</description_xlate>
    <description_xlate lang="es">
<![CDATA[This x64 Smart Component provides firmware for the following storage controllers: Smart Array P212, P410, P410i, P411, P711m, P712m, and P812]]>
</description_xlate>
    <description_xlate lang="fr">
<![CDATA[This x64 Smart Component provides firmware for the following storage controllers: Smart Array P212, P410, P410i, P411, P711m, P712m, and P812]]>
</description_xlate>
    <description_xlate lang="it">
<![CDATA[This x64 Smart Component provides firmware for the following storage controllers: Smart Array P212, P410, P410i, P411, P711m, P712m, and P812]]>
</description_xlate>
    <description_xlate lang="ja">
<![CDATA[このx64 Smartコンポーネントは、次のストレージコントローラー：SmartアレイP212, P410, P410i, P411, P711m, P712m, およびP812ファームウェアを提供します。]]>
</description_xlate>
    <description_xlate lang="ko">
<![CDATA[이 x64 스마트 구성 요소는 다음과 같은 스토리지 컨트롤러용 펌웨어를 제공합니다. 스마트 어레이 P212, P410, P410i, P411, P711m, P712m, 및 P812]]>
</description_xlate>
    <description_xlate lang="tw">
<![CDATA[此 x64 智慧型元件提供適用於下列儲存控制器的韌體： Smart Array P212、P410、P410i、P411、P711m、P712m 與 P812]]>
</description_xlate>
  </description>
  <prerequisite_notes/>
  <installation_notes>
    <installation_notes_xlate lang="cn">
      <installation_notes_xlate_part>
<![CDATA[<strong>要从目标服务器上的 Windows 操作系统更新固件：</strong><br />
<ul>
 <li>   将 Smart Component 存放到一个临时目录中。</li>
 <li>   双击 Smart Component。</li>
 <li>   按照 Smart Component 提供的说明执行操作。</li>
 <li>   如要让更新立即生效，请重新启动系统。</li>
</ul> <strong>如要通过 HP ProLiant服务包 </strong><strong><a href="http://www.hp.com/go/spp">使用 HP智能升级管理器 </a><strong>：</strong></strong><br />
<ul>
 <li>   将更新使用的目标固件放在 \SPP20xxxxx\hp\swpackages 目录中</li>
 <li>   找到在 ISO 根位置中发现的 Start.html</li>
 <li>   打开支持的浏览器中的 html 文件</li>
 <li>   按照屏幕上的说明操作</li>
</ul>
]]>
</installation_notes_xlate_part>
    </installation_notes_xlate>
    <installation_notes_xlate lang="de">
      <installation_notes_xlate_part>
<![CDATA[<strong>To update firmware from Windows operating system on target server:</strong><br />
<ul>
 <li>
  Place the Smart Component in a temporary directory.</li>
 <li>
  Double-click on the Smart Component.</li>
 <li>
  Follow the directions given by the Smart Component.</li>
 <li>
  Reboot your system if you would like the update to take effect immediately.</li>
</ul>
<strong>To use HP Smart Update Manager from the </strong><strong><a href="http://www.hp.com/go/spp">HP Service Pack for ProLiant </a><strong>:</strong></strong><br />
<ul>
 <li>
  Place the desired firmware to be updated in the directory, \SPP20xxxxx\hp\swpackages</li>
 <li>
  Locate Start.html which is found in the root of the ISO</li>
 <li>
  Open the html file in a supported browser</li>
 <li>
  Follow the instructions on the screen</li>
</ul>
]]>
</installation_notes_xlate_part>
    </installation_notes_xlate>
    <installation_notes_xlate lang="en">
      <installation_notes_xlate_part>
<![CDATA[<strong>To update firmware from Windows operating system on target server:</strong><br />
<ul>
 <li>
  Place the Smart Component in a temporary directory.</li>
 <li>
  Double-click on the Smart Component.</li>
 <li>
  Follow the directions given by the Smart Component.</li>
 <li>
  Reboot your system if you would like the update to take effect immediately.</li>
</ul>
<strong>To use HP Smart Update Manager from the </strong><strong><a href="http://www.hp.com/go/spp">HP Service Pack for ProLiant </a><strong>:</strong></strong><br />
<ul>
 <li>
  Place the desired firmware to be updated in the directory, \SPP20xxxxx\hp\swpackages</li>
 <li>
  Locate Start.html which is found in the root of the ISO</li>
 <li>
  Open the html file in a supported browser</li>
 <li>
  Follow the instructions on the screen</li>
</ul>
]]>
</installation_notes_xlate_part>
    </installation_notes_xlate>
    <installation_notes_xlate lang="es">
      <installation_notes_xlate_part>
<![CDATA[<strong>To update firmware from Windows operating system on target server:</strong><br />
<ul>
 <li>
  Place the Smart Component in a temporary directory.</li>
 <li>
  Double-click on the Smart Component.</li>
 <li>
  Follow the directions given by the Smart Component.</li>
 <li>
  Reboot your system if you would like the update to take effect immediately.</li>
</ul>
<strong>To use HP Smart Update Manager from the </strong><strong><a href="http://www.hp.com/go/spp">HP Service Pack for ProLiant </a><strong>:</strong></strong><br />
<ul>
 <li>
  Place the desired firmware to be updated in the directory, \SPP20xxxxx\hp\swpackages</li>
 <li>
  Locate Start.html which is found in the root of the ISO</li>
 <li>
  Open the html file in a supported browser</li>
 <li>
  Follow the instructions on the screen</li>
</ul>
]]>
</installation_notes_xlate_part>
    </installation_notes_xlate>
    <installation_notes_xlate lang="fr">
      <installation_notes_xlate_part>
<![CDATA[<strong>To update firmware from Windows operating system on target server:</strong><br />
<ul>
 <li>
  Place the Smart Component in a temporary directory.</li>
 <li>
  Double-click on the Smart Component.</li>
 <li>
  Follow the directions given by the Smart Component.</li>
 <li>
  Reboot your system if you would like the update to take effect immediately.</li>
</ul>
<strong>To use HP Smart Update Manager from the </strong><strong><a href="http://www.hp.com/go/spp">HP Service Pack for ProLiant </a><strong>:</strong></strong><br />
<ul>
 <li>
  Place the desired firmware to be updated in the directory, \SPP20xxxxx\hp\swpackages</li>
 <li>
  Locate Start.html which is found in the root of the ISO</li>
 <li>
  Open the html file in a supported browser</li>
 <li>
  Follow the instructions on the screen</li>
</ul>
]]>
</installation_notes_xlate_part>
    </installation_notes_xlate>
    <installation_notes_xlate lang="it">
      <installation_notes_xlate_part>
<![CDATA[<strong>To update firmware from Windows operating system on target server:</strong><br />
<ul>
 <li>
  Place the Smart Component in a temporary directory.</li>
 <li>
  Double-click on the Smart Component.</li>
 <li>
  Follow the directions given by the Smart Component.</li>
 <li>
  Reboot your system if you would like the update to take effect immediately.</li>
</ul>
<strong>To use HP Smart Update Manager from the </strong><strong><a href="http://www.hp.com/go/spp">HP Service Pack for ProLiant </a><strong>:</strong></strong><br />
<ul>
 <li>
  Place the desired firmware to be updated in the directory, \SPP20xxxxx\hp\swpackages</li>
 <li>
  Locate Start.html which is found in the root of the ISO</li>
 <li>
  Open the html file in a supported browser</li>
 <li>
  Follow the instructions on the screen</li>
</ul>
]]>
</installation_notes_xlate_part>
    </installation_notes_xlate>
    <installation_notes_xlate lang="ja">
      <installation_notes_xlate_part>
<![CDATA[<strong>ターゲットサーバー上のWindowsオペレーティングシステムからファームウェアをアップデートするには、以下の手順に従ってください。</strong><br />
<ul>
 <li>
  Smartコンポーネントをテンポラリディレクトリに置きます。</li>
 <li>
  Smartコンポーネントをダブルクリックします。</li>
 <li>
  Smartコンポーネントの指示に従います。</li>
 <li>
  アップデートをすぐに適用したい場合は、ご使用のシステムを再起動してください。</li>
</ul>
<strong><a href="http://www.hp.com/jp/spp">HP Service Pack for ProLiant</a><strong>からHP Smart Update Managerを使用するには、以下の手順に従ってください。</strong></strong><br />
<ul>
 <li>
  ディレクトリ\SPP20xxxxx\hp\swpackagesにアップデートに必要なファームウェアをコピーします。</li>
 <li>
  ISOのルートにあるStart.htmlを選択します。</li>
 <li>
  htmlファイルをサポートされているブラウザーで開きます。</li>
 <li>
  画面の指示に従います。</li>
</ul>
]]>
</installation_notes_xlate_part>
    </installation_notes_xlate>
    <installation_notes_xlate lang="ko">
      <installation_notes_xlate_part>
<![CDATA[<strong>대상 서버의 Windows 운영 체제에서 펌웨어를 업데이트하는 방법:</strong><br />
<ul>
 <li>   스마트 구성 요소를 임시 디렉터리에 저장합니다.</li>
 <li>   스마트 구성 요소를 더블 클릭합니다.</li>
 <li>   스마트 구성 요소의 설명에 따라 진행합니다.</li>
 <li>   업데이트를 바로 적용하려면 시스템을 다시 부팅해야 합니다.</li>
</ul> <strong>HP Service Pack for ProLiant을 통해  </strong><strong><a href="http://www.hp.com/go/spp">HP Smart Update Manager를 사용하는 방법: </a><strong>:</strong></strong><br />
<ul>
 <li>   업데이트하려는 펌웨어를 \SPP20xxxxx\hp\swpackages 디렉터리에 저장합니다.</li>
 <li>   ISO의 루트에 있는 Start.html을 찾습니다.</li>
 <li>   지원되는 브라우저에서 html 파일을 엽니다.</li>
 <li>   화면의 설명에 따라 진행합니다</li>
</ul>
]]>
</installation_notes_xlate_part>
    </installation_notes_xlate>
    <installation_notes_xlate lang="tw">
      <installation_notes_xlate_part>
<![CDATA[<strong>若要在目標伺服器上從 Windows 作業系統更新韌體：</strong><br />
<ul>
 <li>   請將智慧型元件置於暫存目錄中。</li>
 <li>   在智慧型元件上連按兩下。</li>
 <li>   請依照智慧型元件所提示的相關指示進行。</li>
 <li>   重新啟動系統，使更新立即生效。</li>
</ul> <strong>若要從  </strong><strong><a href="http://www.hp.com/go/spp">HP Service Pack for ProLiant (適用於 ProLiant 的服務套件) </a><strong> 中使用 HP Smart Update Manager (HP 智慧型更新管理器)：</strong></strong><br />
<ul>
 <li>   將想要更新的韌體放入目錄 \SPP20xxxxx\hp\swpackages</li>
 <li>   尋找 ISO 的 root 中發現的 Start.html</li>
 <li>   用支援的瀏覽器開啟 html 檔案</li>
 <li>   遵循畫面上的說明</li>
</ul>
]]>
</installation_notes_xlate_part>
    </installation_notes_xlate>
  </installation_notes>
  <availability_notes/>
  <documentation_notes>
    <documentation_notes_xlate lang="cn">
      <documentation_notes_xlate_part>
<![CDATA[<p><strong>Deliverable Name:</strong><br />
&nbsp;&nbsp;&nbsp;Online ROM Flash Component for Windows (x64) - Smart Array P212, P410, P410i, P411, P711m, P712m, and P812</p>

<p><strong>Release Version and/or Date:</strong><strong>&nbsp;</strong><br />
&nbsp;&nbsp;&nbsp;&nbsp; 6.64 (B)</p>

<p><strong>Last Recommended or Critical Version:</strong><br />
&nbsp;&nbsp;&nbsp;&nbsp; 6.64 (B)<br />
<br />
<strong>Previous Version of Firmware:</strong><br />
&nbsp;&nbsp;&nbsp;&nbsp; 6.64<br />
<br />
<strong>Firmware Dependency:</strong><br />
&nbsp;&nbsp;&nbsp;&nbsp; None&nbsp;</p>

<p><strong>Enhancements/New Features:</strong></p>

<p>&nbsp; &nbsp; &nbsp;None</p>

<p><strong>Problems Fixed:</strong></p>

<ul style="list-style-type: square;">
	<li>Running SMARTCTL (smartmontools) on HP Proliant G6/G7 (Px1x) Smart Array controllers that have firmware version 5.70 to 6.62&nbsp;installed with SATA drives attached may result in system not responding or reboot. Wehn&nbsp;reboot occurred, a reboot 1719 POST error message with lockup 0x15 displayed.</li>
</ul>

<p><strong>Known Issues: </strong><br />
&nbsp;&nbsp;&nbsp;&nbsp; None</p>
]]>
</documentation_notes_xlate_part>
    </documentation_notes_xlate>
    <documentation_notes_xlate lang="de">
      <documentation_notes_xlate_part>
<![CDATA[<p><strong>Deliverable Name:</strong><br />
&nbsp;&nbsp;&nbsp;Online ROM Flash Component for Windows (x64) - Smart Array P212, P410, P410i, P411, P711m, P712m, and P812</p>

<p><strong>Release Version and/or Date:</strong><strong>&nbsp;</strong><br />
&nbsp;&nbsp;&nbsp;&nbsp; 6.64 (B)</p>

<p><strong>Last Recommended or Critical Version:</strong><br />
&nbsp;&nbsp;&nbsp;&nbsp; 6.64 (B)<br />
<br />
<strong>Previous Version of Firmware:</strong><br />
&nbsp;&nbsp;&nbsp;&nbsp; 6.64<br />
<br />
<strong>Firmware Dependency:</strong><br />
&nbsp;&nbsp;&nbsp;&nbsp; None&nbsp;</p>

<p><strong>Enhancements/New Features:</strong></p>

<p>&nbsp; &nbsp; &nbsp;None</p>

<p><strong>Problems Fixed:</strong></p>

<ul style="list-style-type: square;">
	<li>Running SMARTCTL (smartmontools) on HP Proliant G6/G7 (Px1x) Smart Array controllers that have firmware version 5.70 to 6.62&nbsp;installed with SATA drives attached may result in system not responding or reboot. Wehn&nbsp;reboot occurred, a reboot 1719 POST error message with lockup 0x15 displayed.</li>
</ul>

<p><strong>Known Issues: </strong><br />
&nbsp;&nbsp;&nbsp;&nbsp; None</p>
]]>
</documentation_notes_xlate_part>
    </documentation_notes_xlate>
    <documentation_notes_xlate lang="en">
      <documentation_notes_xlate_part>
<![CDATA[<p><strong>Deliverable Name:</strong><br />
&nbsp;&nbsp;&nbsp;Online ROM Flash Component for Windows (x64) - Smart Array P212, P410, P410i, P411, P711m, P712m, and P812</p>

<p><strong>Release Version and/or Date:</strong><strong>&nbsp;</strong><br />
&nbsp;&nbsp;&nbsp;&nbsp; 6.64 (B)</p>

<p><strong>Last Recommended or Critical Version:</strong><br />
&nbsp;&nbsp;&nbsp;&nbsp; 6.64 (B)<br />
<br />
<strong>Previous Version of Firmware:</strong><br />
&nbsp;&nbsp;&nbsp;&nbsp; 6.64<br />
<br />
<strong>Firmware Dependency:</strong><br />
&nbsp;&nbsp;&nbsp;&nbsp; None&nbsp;</p>

<p><strong>Enhancements/New Features:</strong></p>

<p>&nbsp; &nbsp; &nbsp;None</p>

<p><strong>Problems Fixed:</strong></p>

<ul style="list-style-type: square;">
	<li>Running SMARTCTL (smartmontools) on HP Proliant G6/G7 (Px1x) Smart Array controllers that have firmware version 5.70 to 6.62&nbsp;installed with SATA drives attached may result in system not responding or reboot. Wehn&nbsp;reboot occurred, a reboot 1719 POST error message with lockup 0x15 displayed.</li>
</ul>

<p><strong>Known Issues: </strong><br />
&nbsp;&nbsp;&nbsp;&nbsp; None</p>
]]>
</documentation_notes_xlate_part>
    </documentation_notes_xlate>
    <documentation_notes_xlate lang="es">
      <documentation_notes_xlate_part>
<![CDATA[<p><strong>Deliverable Name:</strong><br />
&nbsp;&nbsp;&nbsp;Online ROM Flash Component for Windows (x64) - Smart Array P212, P410, P410i, P411, P711m, P712m, and P812</p>

<p><strong>Release Version and/or Date:</strong><strong>&nbsp;</strong><br />
&nbsp;&nbsp;&nbsp;&nbsp; 6.64 (B)</p>

<p><strong>Last Recommended or Critical Version:</strong><br />
&nbsp;&nbsp;&nbsp;&nbsp; 6.64 (B)<br />
<br />
<strong>Previous Version of Firmware:</strong><br />
&nbsp;&nbsp;&nbsp;&nbsp; 6.64<br />
<br />
<strong>Firmware Dependency:</strong><br />
&nbsp;&nbsp;&nbsp;&nbsp; None&nbsp;</p>

<p><strong>Enhancements/New Features:</strong></p>

<p>&nbsp; &nbsp; &nbsp;None</p>

<p><strong>Problems Fixed:</strong></p>

<ul style="list-style-type: square;">
	<li>Running SMARTCTL (smartmontools) on HP Proliant G6/G7 (Px1x) Smart Array controllers that have firmware version 5.70 to 6.62&nbsp;installed with SATA drives attached may result in system not responding or reboot. Wehn&nbsp;reboot occurred, a reboot 1719 POST error message with lockup 0x15 displayed.</li>
</ul>

<p><strong>Known Issues: </strong><br />
&nbsp;&nbsp;&nbsp;&nbsp; None</p>
]]>
</documentation_notes_xlate_part>
    </documentation_notes_xlate>
    <documentation_notes_xlate lang="fr">
      <documentation_notes_xlate_part>
<![CDATA[<p><strong>Deliverable Name:</strong><br />
&nbsp;&nbsp;&nbsp;Online ROM Flash Component for Windows (x64) - Smart Array P212, P410, P410i, P411, P711m, P712m, and P812</p>

<p><strong>Release Version and/or Date:</strong><strong>&nbsp;</strong><br />
&nbsp;&nbsp;&nbsp;&nbsp; 6.64 (B)</p>

<p><strong>Last Recommended or Critical Version:</strong><br />
&nbsp;&nbsp;&nbsp;&nbsp; 6.64 (B)<br />
<br />
<strong>Previous Version of Firmware:</strong><br />
&nbsp;&nbsp;&nbsp;&nbsp; 6.64<br />
<br />
<strong>Firmware Dependency:</strong><br />
&nbsp;&nbsp;&nbsp;&nbsp; None&nbsp;</p>

<p><strong>Enhancements/New Features:</strong></p>

<p>&nbsp; &nbsp; &nbsp;None</p>

<p><strong>Problems Fixed:</strong></p>

<ul style="list-style-type: square;">
	<li>Running SMARTCTL (smartmontools) on HP Proliant G6/G7 (Px1x) Smart Array controllers that have firmware version 5.70 to 6.62&nbsp;installed with SATA drives attached may result in system not responding or reboot. Wehn&nbsp;reboot occurred, a reboot 1719 POST error message with lockup 0x15 displayed.</li>
</ul>

<p><strong>Known Issues: </strong><br />
&nbsp;&nbsp;&nbsp;&nbsp; None</p>
]]>
</documentation_notes_xlate_part>
    </documentation_notes_xlate>
    <documentation_notes_xlate lang="it">
      <documentation_notes_xlate_part>
<![CDATA[<p><strong>Deliverable Name:</strong><br />
&nbsp;&nbsp;&nbsp;Online ROM Flash Component for Windows (x64) - Smart Array P212, P410, P410i, P411, P711m, P712m, and P812</p>

<p><strong>Release Version and/or Date:</strong><strong>&nbsp;</strong><br />
&nbsp;&nbsp;&nbsp;&nbsp; 6.64 (B)</p>

<p><strong>Last Recommended or Critical Version:</strong><br />
&nbsp;&nbsp;&nbsp;&nbsp; 6.64 (B)<br />
<br />
<strong>Previous Version of Firmware:</strong><br />
&nbsp;&nbsp;&nbsp;&nbsp; 6.64<br />
<br />
<strong>Firmware Dependency:</strong><br />
&nbsp;&nbsp;&nbsp;&nbsp; None&nbsp;</p>

<p><strong>Enhancements/New Features:</strong></p>

<p>&nbsp; &nbsp; &nbsp;None</p>

<p><strong>Problems Fixed:</strong></p>

<ul style="list-style-type: square;">
	<li>Running SMARTCTL (smartmontools) on HP Proliant G6/G7 (Px1x) Smart Array controllers that have firmware version 5.70 to 6.62&nbsp;installed with SATA drives attached may result in system not responding or reboot. Wehn&nbsp;reboot occurred, a reboot 1719 POST error message with lockup 0x15 displayed.</li>
</ul>

<p><strong>Known Issues: </strong><br />
&nbsp;&nbsp;&nbsp;&nbsp; None</p>
]]>
</documentation_notes_xlate_part>
    </documentation_notes_xlate>
    <documentation_notes_xlate lang="ja">
      <documentation_notes_xlate_part>
<![CDATA[<p><strong>Deliverable Name:</strong><br />
&nbsp;&nbsp;&nbsp;Online ROM Flash Component for Windows (x64) - Smart Array P212, P410, P410i, P411, P711m, P712m, and P812</p>

<p><strong>Release Version and/or Date:</strong><strong>&nbsp;</strong><br />
&nbsp;&nbsp;&nbsp;&nbsp; 6.64 (B)</p>

<p><strong>Last Recommended or Critical Version:</strong><br />
&nbsp;&nbsp;&nbsp;&nbsp; 6.64 (B)<br />
<br />
<strong>Previous Version of Firmware:</strong><br />
&nbsp;&nbsp;&nbsp;&nbsp; 6.64<br />
<br />
<strong>Firmware Dependency:</strong><br />
&nbsp;&nbsp;&nbsp;&nbsp; None&nbsp;</p>

<p><strong>Enhancements/New Features:</strong></p>

<p>&nbsp; &nbsp; &nbsp;None</p>

<p><strong>Problems Fixed:</strong></p>

<ul style="list-style-type: square;">
	<li>Running SMARTCTL (smartmontools) on HP Proliant G6/G7 (Px1x) Smart Array controllers that have firmware version 5.70 to 6.62&nbsp;installed with SATA drives attached may result in system not responding or reboot. Wehn&nbsp;reboot occurred, a reboot 1719 POST error message with lockup 0x15 displayed.</li>
</ul>

<p><strong>Known Issues: </strong><br />
&nbsp;&nbsp;&nbsp;&nbsp; None</p>
]]>
</documentation_notes_xlate_part>
    </documentation_notes_xlate>
    <documentation_notes_xlate lang="ko">
      <documentation_notes_xlate_part>
<![CDATA[<p><strong>Deliverable Name:</strong><br />
&nbsp;&nbsp;&nbsp;Online ROM Flash Component for Windows (x64) - Smart Array P212, P410, P410i, P411, P711m, P712m, and P812</p>

<p><strong>Release Version and/or Date:</strong><strong>&nbsp;</strong><br />
&nbsp;&nbsp;&nbsp;&nbsp; 6.64 (B)</p>

<p><strong>Last Recommended or Critical Version:</strong><br />
&nbsp;&nbsp;&nbsp;&nbsp; 6.64 (B)<br />
<br />
<strong>Previous Version of Firmware:</strong><br />
&nbsp;&nbsp;&nbsp;&nbsp; 6.64<br />
<br />
<strong>Firmware Dependency:</strong><br />
&nbsp;&nbsp;&nbsp;&nbsp; None&nbsp;</p>

<p><strong>Enhancements/New Features:</strong></p>

<p>&nbsp; &nbsp; &nbsp;None</p>

<p><strong>Problems Fixed:</strong></p>

<ul style="list-style-type: square;">
	<li>Running SMARTCTL (smartmontools) on HP Proliant G6/G7 (Px1x) Smart Array controllers that have firmware version 5.70 to 6.62&nbsp;installed with SATA drives attached may result in system not responding or reboot. Wehn&nbsp;reboot occurred, a reboot 1719 POST error message with lockup 0x15 displayed.</li>
</ul>

<p><strong>Known Issues: </strong><br />
&nbsp;&nbsp;&nbsp;&nbsp; None</p>
]]>
</documentation_notes_xlate_part>
    </documentation_notes_xlate>
    <documentation_notes_xlate lang="tw">
      <documentation_notes_xlate_part>
<![CDATA[<p><strong>Deliverable Name:</strong><br />
&nbsp;&nbsp;&nbsp;Online ROM Flash Component for Windows (x64) - Smart Array P212, P410, P410i, P411, P711m, P712m, and P812</p>

<p><strong>Release Version and/or Date:</strong><strong>&nbsp;</strong><br />
&nbsp;&nbsp;&nbsp;&nbsp; 6.64 (B)</p>

<p><strong>Last Recommended or Critical Version:</strong><br />
&nbsp;&nbsp;&nbsp;&nbsp; 6.64 (B)<br />
<br />
<strong>Previous Version of Firmware:</strong><br />
&nbsp;&nbsp;&nbsp;&nbsp; 6.64<br />
<br />
<strong>Firmware Dependency:</strong><br />
&nbsp;&nbsp;&nbsp;&nbsp; None&nbsp;</p>

<p><strong>Enhancements/New Features:</strong></p>

<p>&nbsp; &nbsp; &nbsp;None</p>

<p><strong>Problems Fixed:</strong></p>

<ul style="list-style-type: square;">
	<li>Running SMARTCTL (smartmontools) on HP Proliant G6/G7 (Px1x) Smart Array controllers that have firmware version 5.70 to 6.62&nbsp;installed with SATA drives attached may result in system not responding or reboot. Wehn&nbsp;reboot occurred, a reboot 1719 POST error message with lockup 0x15 displayed.</li>
</ul>

<p><strong>Known Issues: </strong><br />
&nbsp;&nbsp;&nbsp;&nbsp; None</p>
]]>
</documentation_notes_xlate_part>
    </documentation_notes_xlate>
  </documentation_notes>
  <revision_history>
    <revision>
      <version value="6.64" revision="B" type_of_change="1"/>
      <revision_fixes_xlate lang="cn">
        <revision_fixes_xlate_part>
<![CDATA[<ul style="list-style-type:square">
	<li>在固件版本为5.70到6.62且连接SATA硬盘的HP Proliant G6/G7 (Px1x）智能阵列控制器上运行SMARTCTL （smartmontools）可能会导致系统不响应或重新启动。发生重启时，显示重启1719加电自检错误消息且锁定0x15。</li>
</ul>
]]>
</revision_fixes_xlate_part>
      </revision_fixes_xlate>
      <revision_fixes_xlate lang="de">
        <revision_fixes_xlate_part>
<![CDATA[<ul style="list-style-type:square">
	<li>Running SMARTCTL&nbsp;(smartmontools) on HP Proliant G6/G7 (Px1x) Smart Array controllers that have firmware version 5.70 to 6.62&nbsp;installed with SATA drives attached may result in system not responding or reboot. When&nbsp;reboot occurred, a reboot 1719 POST error message with lockup 0x15 displayed.</li>
</ul>
]]>
</revision_fixes_xlate_part>
      </revision_fixes_xlate>
      <revision_fixes_xlate lang="en">
        <revision_fixes_xlate_part>
<![CDATA[<ul style="list-style-type:square">
	<li>Running SMARTCTL&nbsp;(smartmontools) on HP Proliant G6/G7 (Px1x) Smart Array controllers that have firmware version 5.70 to 6.62&nbsp;installed with SATA drives attached may result in system not responding or reboot. When&nbsp;reboot occurred, a reboot 1719 POST error message with lockup 0x15 displayed.</li>
</ul>
]]>
</revision_fixes_xlate_part>
      </revision_fixes_xlate>
      <revision_fixes_xlate lang="es">
        <revision_fixes_xlate_part>
<![CDATA[<ul style="list-style-type:square">
	<li>Running SMARTCTL&nbsp;(smartmontools) on HP Proliant G6/G7 (Px1x) Smart Array controllers that have firmware version 5.70 to 6.62&nbsp;installed with SATA drives attached may result in system not responding or reboot. When&nbsp;reboot occurred, a reboot 1719 POST error message with lockup 0x15 displayed.</li>
</ul>
]]>
</revision_fixes_xlate_part>
      </revision_fixes_xlate>
      <revision_fixes_xlate lang="fr">
        <revision_fixes_xlate_part>
<![CDATA[<ul style="list-style-type:square">
	<li>Running SMARTCTL&nbsp;(smartmontools) on HP Proliant G6/G7 (Px1x) Smart Array controllers that have firmware version 5.70 to 6.62&nbsp;installed with SATA drives attached may result in system not responding or reboot. When&nbsp;reboot occurred, a reboot 1719 POST error message with lockup 0x15 displayed.</li>
</ul>
]]>
</revision_fixes_xlate_part>
      </revision_fixes_xlate>
      <revision_fixes_xlate lang="it">
        <revision_fixes_xlate_part>
<![CDATA[<ul style="list-style-type:square">
	<li>Running SMARTCTL&nbsp;(smartmontools) on HP Proliant G6/G7 (Px1x) Smart Array controllers that have firmware version 5.70 to 6.62&nbsp;installed with SATA drives attached may result in system not responding or reboot. When&nbsp;reboot occurred, a reboot 1719 POST error message with lockup 0x15 displayed.</li>
</ul>
]]>
</revision_fixes_xlate_part>
      </revision_fixes_xlate>
      <revision_fixes_xlate lang="ja">
        <revision_fixes_xlate_part>
<![CDATA[<ul style="list-style-type:square">
	<li>SATAドライブが接続された、ファームウェアバージョン5.70から6.62のHP ProLiant G6/G7 (Px1x) Smartアレイコントローラー上で実行しているSMARTCTL (smartmontools)は、システムが応答しなくなるまたはリブートすることがあります。 リブートが起こった場合、lockup 0x15でリブート1719 POSTエラーメッセージが表示されます。</li>
</ul>
]]>
</revision_fixes_xlate_part>
      </revision_fixes_xlate>
      <revision_fixes_xlate lang="ko">
        <revision_fixes_xlate_part>
<![CDATA[<ul style="list-style-type:square">
	<li>펌웨어 버전 5.70부터 6.62까지 설치되어 있고 SATA 드라이브가 장착된 HP Proliant G6/G7 (Px1x) 스마트 어레이 컨트롤러에서 SMARTCTL(smartmontools)를 실행할 경우 시스템이 응답하지 않거나 재부팅될 수 있습니다. 재부팅이 발생하는 경우 재부팅 1719 POST 오류 메시지가 록업 0x15와 함께 표시됩니다.</li>
</ul>
]]>
</revision_fixes_xlate_part>
      </revision_fixes_xlate>
      <revision_fixes_xlate lang="tw">
        <revision_fixes_xlate_part>
<![CDATA[<ul style="list-style-type:square">
	<li>在安裝了韌體版本 5.70 至 6.62 並連接了 SATA 磁碟機的 HP Proliant G6/G7 (Px1x) Smart Array 控制器上執行 SMARTCTL (smartmontools) 可能會導致系統沒有回應或重新開機。當發生重新開機，會顯示重新啟動 1719 POST 錯誤訊息與 lockup 0x15。</li>
</ul>
]]>
</revision_fixes_xlate_part>
      </revision_fixes_xlate>
    </revision>
    <revision>
      <version value="6.64" revision="" type_of_change="1"/>
      <revision_fixes_xlate lang="cn">
        <revision_fixes_xlate_part>
<![CDATA[<ul style="list-style-type:square">
	<li>在固件版本为5.70到6.62且连接SATA硬盘的HP Proliant G6/G7 (Px1x）智能阵列控制器上运行SMARTCTL （smartmontools）可能会导致系统不响应或重新启动。发生重启时，显示重启1719加电自检错误消息且锁定0x15。</li>
</ul>
]]>
</revision_fixes_xlate_part>
      </revision_fixes_xlate>
      <revision_fixes_xlate lang="de">
        <revision_fixes_xlate_part>
<![CDATA[<ul style="list-style-type:square">
	<li>Running SMARTCTL&nbsp;(smartmontools) on HP Proliant G6/G7 (Px1x) Smart Array controllers that have firmware version 5.70 to 6.62&nbsp;installed with SATA drives attached may result in system not responding or reboot. When&nbsp;reboot occurred, a reboot 1719 POST error message with lockup 0x15 displayed.</li>
</ul>
]]>
</revision_fixes_xlate_part>
      </revision_fixes_xlate>
      <revision_fixes_xlate lang="en">
        <revision_fixes_xlate_part>
<![CDATA[<ul style="list-style-type:square">
	<li>Running SMARTCTL&nbsp;(smartmontools) on HP Proliant G6/G7 (Px1x) Smart Array controllers that have firmware version 5.70 to 6.62&nbsp;installed with SATA drives attached may result in system not responding or reboot. When&nbsp;reboot occurred, a reboot 1719 POST error message with lockup 0x15 displayed.</li>
</ul>
]]>
</revision_fixes_xlate_part>
      </revision_fixes_xlate>
      <revision_fixes_xlate lang="es">
        <revision_fixes_xlate_part>
<![CDATA[<ul style="list-style-type:square">
	<li>Running SMARTCTL&nbsp;(smartmontools) on HP Proliant G6/G7 (Px1x) Smart Array controllers that have firmware version 5.70 to 6.62&nbsp;installed with SATA drives attached may result in system not responding or reboot. When&nbsp;reboot occurred, a reboot 1719 POST error message with lockup 0x15 displayed.</li>
</ul>
]]>
</revision_fixes_xlate_part>
      </revision_fixes_xlate>
      <revision_fixes_xlate lang="fr">
        <revision_fixes_xlate_part>
<![CDATA[<ul style="list-style-type:square">
	<li>Running SMARTCTL&nbsp;(smartmontools) on HP Proliant G6/G7 (Px1x) Smart Array controllers that have firmware version 5.70 to 6.62&nbsp;installed with SATA drives attached may result in system not responding or reboot. When&nbsp;reboot occurred, a reboot 1719 POST error message with lockup 0x15 displayed.</li>
</ul>
]]>
</revision_fixes_xlate_part>
      </revision_fixes_xlate>
      <revision_fixes_xlate lang="it">
        <revision_fixes_xlate_part>
<![CDATA[<ul style="list-style-type:square">
	<li>Running SMARTCTL&nbsp;(smartmontools) on HP Proliant G6/G7 (Px1x) Smart Array controllers that have firmware version 5.70 to 6.62&nbsp;installed with SATA drives attached may result in system not responding or reboot. When&nbsp;reboot occurred, a reboot 1719 POST error message with lockup 0x15 displayed.</li>
</ul>
]]>
</revision_fixes_xlate_part>
      </revision_fixes_xlate>
      <revision_fixes_xlate lang="ja">
        <revision_fixes_xlate_part>
<![CDATA[<ul style="list-style-type:square">
	<li>SATAドライブが接続された、ファームウェアバージョン5.70から6.62のHP ProLiant G6/G7 (Px1x) Smartアレイコントローラー上で実行しているSMARTCTL (smartmontools)は、システムが応答しなくなるまたはリブートすることがあります。 リブートが起こった場合、lockup 0x15でリブート1719 POSTエラーメッセージが表示されます。</li>
</ul>
]]>
</revision_fixes_xlate_part>
      </revision_fixes_xlate>
      <revision_fixes_xlate lang="ko">
        <revision_fixes_xlate_part>
<![CDATA[<ul style="list-style-type:square">
	<li>펌웨어 버전 5.70부터 6.62까지 설치되어 있고 SATA 드라이브가 장착된 HP Proliant G6/G7 (Px1x) 스마트 어레이 컨트롤러에서 SMARTCTL(smartmontools)를 실행할 경우 시스템이 응답하지 않거나 재부팅될 수 있습니다. 재부팅이 발생하는 경우 재부팅 1719 POST 오류 메시지가 록업 0x15와 함께 표시됩니다.</li>
</ul>
]]>
</revision_fixes_xlate_part>
      </revision_fixes_xlate>
      <revision_fixes_xlate lang="tw">
        <revision_fixes_xlate_part>
<![CDATA[<ul style="list-style-type:square">
	<li>在安裝了韌體版本 5.70 至 6.62 並連接了 SATA 磁碟機的 HP Proliant G6/G7 (Px1x) Smart Array 控制器上執行 SMARTCTL (smartmontools) 可能會導致系統沒有回應或重新開機。當發生重新開機，會顯示重新啟動 1719 POST 錯誤訊息與 lockup 0x15。</li>
</ul>
]]>
</revision_fixes_xlate_part>
      </revision_fixes_xlate>
    </revision>
    <revision>
      <version value="6.62" revision="" type_of_change="1"/>
      <revision_enhancements_xlate lang="cn">
        <revision_enhancements_xlate_part>
<![CDATA[<strong>增强功能/新功能：</strong>
<ul>
 <li>   当驱动器因过多恢复介质错误开始下降时，增强此时的性能。</li>
</ul>
]]>
</revision_enhancements_xlate_part>
      </revision_enhancements_xlate>
      <revision_enhancements_xlate lang="de">
        <revision_enhancements_xlate_part>
<![CDATA[<strong>Enhancements/New Features:</strong>
<ul>
 <li>
  Performance enhancement when a drive starts to degrade due to excessive recovered media errors.</li>
</ul>
]]>
</revision_enhancements_xlate_part>
      </revision_enhancements_xlate>
      <revision_enhancements_xlate lang="en">
        <revision_enhancements_xlate_part>
<![CDATA[<strong>Enhancements/New Features:</strong>
<ul>
 <li>
  Performance enhancement when a drive starts to degrade due to excessive recovered media errors.</li>
</ul>
]]>
</revision_enhancements_xlate_part>
      </revision_enhancements_xlate>
      <revision_enhancements_xlate lang="es">
        <revision_enhancements_xlate_part>
<![CDATA[<strong>Enhancements/New Features:</strong>
<ul>
 <li>
  Performance enhancement when a drive starts to degrade due to excessive recovered media errors.</li>
</ul>
]]>
</revision_enhancements_xlate_part>
      </revision_enhancements_xlate>
      <revision_enhancements_xlate lang="fr">
        <revision_enhancements_xlate_part>
<![CDATA[<strong>Enhancements/New Features:</strong>
<ul>
 <li>
  Performance enhancement when a drive starts to degrade due to excessive recovered media errors.</li>
</ul>
]]>
</revision_enhancements_xlate_part>
      </revision_enhancements_xlate>
      <revision_enhancements_xlate lang="it">
        <revision_enhancements_xlate_part>
<![CDATA[<strong>Enhancements/New Features:</strong>
<ul>
 <li>
  Performance enhancement when a drive starts to degrade due to excessive recovered media errors.</li>
</ul>
]]>
</revision_enhancements_xlate_part>
      </revision_enhancements_xlate>
      <revision_enhancements_xlate lang="ja">
        <revision_enhancements_xlate_part>
<![CDATA[<strong>改善点/新しい機能：</strong>
<ul>
 <li>
  ドライブが過剰な回復されたメディアエラーのために劣化が始まるときのパフォーマンスの向上。</li>
</ul>
]]>
</revision_enhancements_xlate_part>
      </revision_enhancements_xlate>
      <revision_enhancements_xlate lang="ko">
        <revision_enhancements_xlate_part>
<![CDATA[<strong>향상된 기능/새로운 기능:</strong>
<ul>
 <li>   복구된 미디어 오류가 과도하여 드라이브의 기능이 저하되기 시작하더라도 성능이 향상됩니다.</li>
</ul>
]]>
</revision_enhancements_xlate_part>
      </revision_enhancements_xlate>
      <revision_enhancements_xlate lang="tw">
        <revision_enhancements_xlate_part>
<![CDATA[<strong>增強或新增功能：</strong>
<ul>
 <li>   當磁碟機歸因於過多的還原媒體錯誤而開始降級時的效能增強。</li>
</ul>
]]>
</revision_enhancements_xlate_part>
      </revision_enhancements_xlate>
      <revision_fixes_xlate lang="cn">
        <revision_fixes_xlate_part>
<![CDATA[<strong>已解决的问题：</strong>
<ul>
 <li>   在具有连接到在HP P2000 G3 SAS存储阵列上的逻辑卷的HP智能阵列P711m控制器的系统上，在安装VMware vSphere 5.5 Update 2期间，智能阵列设备驱动程序‘hpsa’将停止工作。</li>
 <li>   当在HP P2000 G3存储系统或HP MSA 2040 SAS存储阵列上的配置了逻辑卷的服务器上的Red Hat Enterprise Linux 6 Update 4或Update 5上的智能阵列设备驱动程序‘hpsa’升级到3.4.6-165版后，系统将停止工作并且在重启后报告一个HP智能阵列P712m控制器被锁定。(POST Error（加电自检错误）:1719 - A controller failure event occurred prior to this power-up（此次上电前曾出现控制器故障）.(Previous lock up code（上次锁定代码） = 0x13))</li>
</ul>
]]>
</revision_fixes_xlate_part>
      </revision_fixes_xlate>
      <revision_fixes_xlate lang="de">
        <revision_fixes_xlate_part>
<![CDATA[<strong>Problems Fixed:</strong>
<ul>
 <li>
  On systems configured with HP Smart Array P711m controllers connected to logical volumes on HP P2000 G3 SAS storage arrays, the Smart Array device driver &lsquo;hpsa&rsquo; would cease to function during installation of VMware vSphere 5.5 Update 2.</li>
 <li>
  After the Smart Array device driver &#39;hpsa&#39; was upgraded to version 3.4.6-165 on Red Hat Enterprise Linux 6 Update 4 or Update 5 on a server configured with logical volumes on HP P2000 G3 Storage Systems or HP MSA 2040 SAS Storage Arrays, the system would cease to function and an HP Smart Array P712m controller lockup would be reported after reboot. (POST Error: 1719 - A controller failure event occurred prior to this power-up. (Previous lock up code = 0x13))</li>
</ul>
]]>
</revision_fixes_xlate_part>
      </revision_fixes_xlate>
      <revision_fixes_xlate lang="en">
        <revision_fixes_xlate_part>
<![CDATA[<strong>Problems Fixed:</strong>
<ul>
 <li>
  On systems configured with HP Smart Array P711m controllers connected to logical volumes on HP P2000 G3 SAS storage arrays, the Smart Array device driver &lsquo;hpsa&rsquo; would cease to function during installation of VMware vSphere 5.5 Update 2.</li>
 <li>
  After the Smart Array device driver &#39;hpsa&#39; was upgraded to version 3.4.6-165 on Red Hat Enterprise Linux 6 Update 4 or Update 5 on a server configured with logical volumes on HP P2000 G3 Storage Systems or HP MSA 2040 SAS Storage Arrays, the system would cease to function and an HP Smart Array P712m controller lockup would be reported after reboot. (POST Error: 1719 - A controller failure event occurred prior to this power-up. (Previous lock up code = 0x13))</li>
</ul>
]]>
</revision_fixes_xlate_part>
      </revision_fixes_xlate>
      <revision_fixes_xlate lang="es">
        <revision_fixes_xlate_part>
<![CDATA[<strong>Problems Fixed:</strong>
<ul>
 <li>
  On systems configured with HP Smart Array P711m controllers connected to logical volumes on HP P2000 G3 SAS storage arrays, the Smart Array device driver &lsquo;hpsa&rsquo; would cease to function during installation of VMware vSphere 5.5 Update 2.</li>
 <li>
  After the Smart Array device driver &#39;hpsa&#39; was upgraded to version 3.4.6-165 on Red Hat Enterprise Linux 6 Update 4 or Update 5 on a server configured with logical volumes on HP P2000 G3 Storage Systems or HP MSA 2040 SAS Storage Arrays, the system would cease to function and an HP Smart Array P712m controller lockup would be reported after reboot. (POST Error: 1719 - A controller failure event occurred prior to this power-up. (Previous lock up code = 0x13))</li>
</ul>
]]>
</revision_fixes_xlate_part>
      </revision_fixes_xlate>
      <revision_fixes_xlate lang="fr">
        <revision_fixes_xlate_part>
<![CDATA[<strong>Problems Fixed:</strong>
<ul>
 <li>
  On systems configured with HP Smart Array P711m controllers connected to logical volumes on HP P2000 G3 SAS storage arrays, the Smart Array device driver &lsquo;hpsa&rsquo; would cease to function during installation of VMware vSphere 5.5 Update 2.</li>
 <li>
  After the Smart Array device driver &#39;hpsa&#39; was upgraded to version 3.4.6-165 on Red Hat Enterprise Linux 6 Update 4 or Update 5 on a server configured with logical volumes on HP P2000 G3 Storage Systems or HP MSA 2040 SAS Storage Arrays, the system would cease to function and an HP Smart Array P712m controller lockup would be reported after reboot. (POST Error: 1719 - A controller failure event occurred prior to this power-up. (Previous lock up code = 0x13))</li>
</ul>
]]>
</revision_fixes_xlate_part>
      </revision_fixes_xlate>
      <revision_fixes_xlate lang="it">
        <revision_fixes_xlate_part>
<![CDATA[<strong>Problems Fixed:</strong>
<ul>
 <li>
  On systems configured with HP Smart Array P711m controllers connected to logical volumes on HP P2000 G3 SAS storage arrays, the Smart Array device driver &lsquo;hpsa&rsquo; would cease to function during installation of VMware vSphere 5.5 Update 2.</li>
 <li>
  After the Smart Array device driver &#39;hpsa&#39; was upgraded to version 3.4.6-165 on Red Hat Enterprise Linux 6 Update 4 or Update 5 on a server configured with logical volumes on HP P2000 G3 Storage Systems or HP MSA 2040 SAS Storage Arrays, the system would cease to function and an HP Smart Array P712m controller lockup would be reported after reboot. (POST Error: 1719 - A controller failure event occurred prior to this power-up. (Previous lock up code = 0x13))</li>
</ul>
]]>
</revision_fixes_xlate_part>
      </revision_fixes_xlate>
      <revision_fixes_xlate lang="ja">
        <revision_fixes_xlate_part>
<![CDATA[<strong>修正された問題点：</strong>
<ul>
 <li>
  HP P2000 G3 SASストレージアレイ上の論理ボリュームに接続されたHP SmartアレイP711mコントローラーで構成されたシステムでは、Smartアレイデバイスドライバー ‘hpsa’ は、VMware vSphere 5.5 Update 2のインストール中に機能しなくなります。</li>
 <li>
  HP P2000 G3ストレージシステムまたはHP MSA 2040 SASストレージアレイ上の論理ボリュームで構成されたサーバー上のRed Hat Enterprise Linux 6 Update 4またはUpdate 5でSmartアレイデバイスドライバー 'hpsa'が、バージョン3.4.6-165にアップグレードされた後、システムが機能しなくなり、HP SmartアレイP712mコントローラーのロックアップがリブート後に報告されます。 (POST Error: 1719 - A controller failure event occurred prior to this power-up. (Previous lock up code = 0x13))</li>
</ul>
]]>
</revision_fixes_xlate_part>
      </revision_fixes_xlate>
      <revision_fixes_xlate lang="ko">
        <revision_fixes_xlate_part>
<![CDATA[<strong>해결된 문제:</strong>
<ul>
 <li>   HP P2000 G3 SAS 스토리지 어레이의 논리 볼륨과 연결된 HP 스마트 어레이 P711m 컨트롤러로 구성된 시스템에서 VMware vSphere 5.5 Update 2를 설치하는 동안 스마트 어레이 장치 드라이버 ‘hpsa’가 작동을 중지합니다.</li>
 <li>   스마트 어레이 장치 드라이버 'hpsa'가 HP P2000 G3 스토리지 시스템 또는 HP MSA 2040 SAS 스토리지 어레이에 있는 논리 볼륨으로 구성된 서버에서 Red Hat Enterprise Linux 6 Update 4 또는 Update 5의 3.4.6-165로 업그레이드되면 시스템이 작동을 멈추고 다시 부팅된 후 HP 스마트 어레이 P712m 컨트롤러 잠금이 보고됩니다. (POST 오류: 1719- - A Controller failure event occurred prior to this power-up. (Previous lock up code = 0x13))</li>
</ul>
]]>
</revision_fixes_xlate_part>
      </revision_fixes_xlate>
      <revision_fixes_xlate lang="tw">
        <revision_fixes_xlate_part>
<![CDATA[<strong>修正的問題：</strong>
<ul>
 <li>   在設定使用連線至 HP P2000 G3 SAS 儲存陣列邏輯磁碟區的 HP Smart Array P711m 控制器上，安裝 VMware vSphere 5.5 更新 2.期間，Smart Array 裝置驅動程式「hpsa」會停止運作。</li>
 <li>   在設定使用 HP P2000 G3 儲存系統邏輯磁碟區或 HP MSA 2040 SAS 儲存陣列邏輯磁碟區的的伺服器上， Smart Array 裝置驅動程式「hpsa」升級至 Red Hat Enterprise Linux 6 更新 4 或更新 5 版本 3.4.6-165 後，系統會停止運作且重新開機後會報告 HP Smart Array P712m 控制器鎖定。(POST Error:1719 - A controller failure event occurred prior to this power-up.(Previous lock up code = 0x13). (核心錯誤：1719 - 開機前發生控制器故障事件. (先前鎖定碼 = 0x13))</li>
</ul>
]]>
</revision_fixes_xlate_part>
      </revision_fixes_xlate>
    </revision>
    <revision>
      <version value="6.60" revision="" type_of_change="1"/>
      <revision_enhancements_xlate lang="cn">
        <revision_enhancements_xlate_part>
<![CDATA[<strong>增强功能/新功能</strong>： 
<ul>
 <li>   增强了控制器SAS的发现逻辑，以允许可能重置的设备。</li>
 <li>   增加了一条新的POST消息1813，以便电池充电在电路出现故障或无法充电时进行提示。</li>
</ul>
]]>
</revision_enhancements_xlate_part>
      </revision_enhancements_xlate>
      <revision_enhancements_xlate lang="de">
        <revision_enhancements_xlate_part>
<![CDATA[<strong>Enhancements/New Features</strong>:&nbsp;
<ul>
 <li>
  Enhanced the controller SAS discovery logic to tolerate devices that may be resetting.</li>
 <li>
  Added a new POST message 1813 to indicate bad or failed battery charge circuit.</li>
</ul>
]]>
</revision_enhancements_xlate_part>
      </revision_enhancements_xlate>
      <revision_enhancements_xlate lang="en">
        <revision_enhancements_xlate_part>
<![CDATA[<strong>Enhancements/New Features</strong>:&nbsp;
<ul>
 <li>
  Enhanced the controller SAS discovery logic to tolerate devices that may be resetting.</li>
 <li>
  Added a new POST message 1813 to indicate bad or failed battery charge circuit.</li>
</ul>
]]>
</revision_enhancements_xlate_part>
      </revision_enhancements_xlate>
      <revision_enhancements_xlate lang="es">
        <revision_enhancements_xlate_part>
<![CDATA[<strong>Enhancements/New Features</strong>:&nbsp;
<ul>
 <li>
  Enhanced the controller SAS discovery logic to tolerate devices that may be resetting.</li>
 <li>
  Added a new POST message 1813 to indicate bad or failed battery charge circuit.</li>
</ul>
]]>
</revision_enhancements_xlate_part>
      </revision_enhancements_xlate>
      <revision_enhancements_xlate lang="fr">
        <revision_enhancements_xlate_part>
<![CDATA[<strong>Enhancements/New Features</strong>:&nbsp;
<ul>
 <li>
  Enhanced the controller SAS discovery logic to tolerate devices that may be resetting.</li>
 <li>
  Added a new POST message 1813 to indicate bad or failed battery charge circuit.</li>
</ul>
]]>
</revision_enhancements_xlate_part>
      </revision_enhancements_xlate>
      <revision_enhancements_xlate lang="it">
        <revision_enhancements_xlate_part>
<![CDATA[<strong>Enhancements/New Features</strong>:&nbsp;
<ul>
 <li>
  Enhanced the controller SAS discovery logic to tolerate devices that may be resetting.</li>
 <li>
  Added a new POST message 1813 to indicate bad or failed battery charge circuit.</li>
</ul>
]]>
</revision_enhancements_xlate_part>
      </revision_enhancements_xlate>
      <revision_enhancements_xlate lang="ja">
        <revision_enhancements_xlate_part>
<![CDATA[<strong>改善点/新しい機能</strong>： 
<ul>
 <li>
  リセットしているかもしれないデバイスを許容するためにコントローラーSAS検出ロジックを強化しました。</li>
 <li>
  不良またはバッテリ充電回路の障害を示すために、新しいPOSTメッセージ1813を追加しました。</li>
</ul>
]]>
</revision_enhancements_xlate_part>
      </revision_enhancements_xlate>
      <revision_enhancements_xlate lang="ko">
        <revision_enhancements_xlate_part>
<![CDATA[향상된 기능/새로운 기능<strong>:</strong> 
<ul>
 <li>   재설정 중일 수도 있는 장치를 허용할 수 있도록 SAS 검색 논리를 개선했습니다.</li>
 <li>   불량이거나 오류가 있는 배터리 충전 회로를 표시하기 위해 새 POST 메시지 1813을 추가하였습니다.</li>
</ul>
]]>
</revision_enhancements_xlate_part>
      </revision_enhancements_xlate>
      <revision_enhancements_xlate lang="tw">
        <revision_enhancements_xlate_part>
<![CDATA[<strong>增強或新增功能</strong>： 
<ul>
 <li>   已增強控制器 SAS 探索邏輯，可容許裝置重設。</li>
 <li>   已新增新 POST 訊息 1813，指出損壞或故障的電池充電電路。</li>
</ul>
]]>
</revision_enhancements_xlate_part>
      </revision_enhancements_xlate>
      <revision_fixes_xlate lang="cn">
        <revision_fixes_xlate_part>
<![CDATA[<p>  <strong>6.60 版本修复的问题：</strong><br /> 该版固件解决了以下问题：</p>
<ul>
 <li>   在EFI ORCA执行模式切换后，运行以下命令后将不会显示控制器名称： “reconnect –r”。</li>
 <li>   当配置控制器以便在没有超级电容的情况下工作时，控制器显示POST错误消息1805“未安装高速缓存模块超级电容（Cache Module Super–Cap is not installed）”。</li>
 <li>   改进HDD的耐热表现。</li>
 <li>   配有一个或多个SATA备用驱动器和6.40(或更低版本）固件的控制器可能在64、128、或256天后停止并出现"Lockup Code = 0xAB"。</li>
 <li>   HP智能阵列P812控制器板载扩展器固件更新至3.12版，以加强3Gbps SATA连接速度，这是HP智能阵列 P212、P410、P410i、P411、P711m、P712m和P812控制器支持的最大SATA数据速率。</li>
</ul>
]]>
</revision_fixes_xlate_part>
      </revision_fixes_xlate>
      <revision_fixes_xlate lang="de">
        <revision_fixes_xlate_part>
<![CDATA[<p>
 <strong>Problems Fixed in version 6.60:</strong><br />
 This firmware release resolved the following issues:</p>
<ul>
 <li>
  After a mode toggle at EFI ORCA was performed, the controller name would not be displayed when running the command: &ldquo;reconnect &ndash;r&rdquo;.</li>
 <li>
  Controller displayed a POST error message 1805 &ldquo;Cache Module Super&ndash;Cap is not installed&rdquo; when the controller was configured to work without super-capacitors.</li>
 <li>
  Corrected thermal behavior with HDDs.</li>
 <li>
  Controllers configured with one or more SATA spare drives and firmware version 6.40 (or earlier) may halt with &quot;Lockup Code = 0xAB&quot; after 64, 128, or 256 days.</li>
 <li>
  HP Smart Array P812 controller onboard expander firmware was updated to version 3.12 to enforce 3Gbps SATA connection speeds which is the maximum supported SATA data rate on HP Smart Array P212, P410, P410i, P411, P711m, P712m, and P812 controllers.</li>
</ul>
]]>
</revision_fixes_xlate_part>
      </revision_fixes_xlate>
      <revision_fixes_xlate lang="en">
        <revision_fixes_xlate_part>
<![CDATA[<p>
 <strong>Problems Fixed in version 6.60:</strong><br />
 This firmware release resolved the following issues:</p>
<ul>
 <li>
  After a mode toggle at EFI ORCA was performed, the controller name would not be displayed when running the command: &ldquo;reconnect &ndash;r&rdquo;.</li>
 <li>
  Controller displayed a POST error message 1805 &ldquo;Cache Module Super&ndash;Cap is not installed&rdquo; when the controller was configured to work without super-capacitors.</li>
 <li>
  Corrected thermal behavior with HDDs.</li>
 <li>
  Controllers configured with one or more SATA spare drives and firmware version 6.40 (or earlier) may halt with &quot;Lockup Code = 0xAB&quot; after 64, 128, or 256 days.</li>
 <li>
  HP Smart Array P812 controller onboard expander firmware was updated to version 3.12 to enforce 3Gbps SATA connection speeds which is the maximum supported SATA data rate on HP Smart Array P212, P410, P410i, P411, P711m, P712m, and P812 controllers.</li>
</ul>
]]>
</revision_fixes_xlate_part>
      </revision_fixes_xlate>
      <revision_fixes_xlate lang="es">
        <revision_fixes_xlate_part>
<![CDATA[<p>
 <strong>Problems Fixed in version 6.60:</strong><br />
 This firmware release resolved the following issues:</p>
<ul>
 <li>
  After a mode toggle at EFI ORCA was performed, the controller name would not be displayed when running the command: &ldquo;reconnect &ndash;r&rdquo;.</li>
 <li>
  Controller displayed a POST error message 1805 &ldquo;Cache Module Super&ndash;Cap is not installed&rdquo; when the controller was configured to work without super-capacitors.</li>
 <li>
  Corrected thermal behavior with HDDs.</li>
 <li>
  Controllers configured with one or more SATA spare drives and firmware version 6.40 (or earlier) may halt with &quot;Lockup Code = 0xAB&quot; after 64, 128, or 256 days.</li>
 <li>
  HP Smart Array P812 controller onboard expander firmware was updated to version 3.12 to enforce 3Gbps SATA connection speeds which is the maximum supported SATA data rate on HP Smart Array P212, P410, P410i, P411, P711m, P712m, and P812 controllers.</li>
</ul>
]]>
</revision_fixes_xlate_part>
      </revision_fixes_xlate>
      <revision_fixes_xlate lang="fr">
        <revision_fixes_xlate_part>
<![CDATA[<p>
 <strong>Problems Fixed in version 6.60:</strong><br />
 This firmware release resolved the following issues:</p>
<ul>
 <li>
  After a mode toggle at EFI ORCA was performed, the controller name would not be displayed when running the command: &ldquo;reconnect &ndash;r&rdquo;.</li>
 <li>
  Controller displayed a POST error message 1805 &ldquo;Cache Module Super&ndash;Cap is not installed&rdquo; when the controller was configured to work without super-capacitors.</li>
 <li>
  Corrected thermal behavior with HDDs.</li>
 <li>
  Controllers configured with one or more SATA spare drives and firmware version 6.40 (or earlier) may halt with &quot;Lockup Code = 0xAB&quot; after 64, 128, or 256 days.</li>
 <li>
  HP Smart Array P812 controller onboard expander firmware was updated to version 3.12 to enforce 3Gbps SATA connection speeds which is the maximum supported SATA data rate on HP Smart Array P212, P410, P410i, P411, P711m, P712m, and P812 controllers.</li>
</ul>
]]>
</revision_fixes_xlate_part>
      </revision_fixes_xlate>
      <revision_fixes_xlate lang="it">
        <revision_fixes_xlate_part>
<![CDATA[<p>
 <strong>Problems Fixed in version 6.60:</strong><br />
 This firmware release resolved the following issues:</p>
<ul>
 <li>
  After a mode toggle at EFI ORCA was performed, the controller name would not be displayed when running the command: &ldquo;reconnect &ndash;r&rdquo;.</li>
 <li>
  Controller displayed a POST error message 1805 &ldquo;Cache Module Super&ndash;Cap is not installed&rdquo; when the controller was configured to work without super-capacitors.</li>
 <li>
  Corrected thermal behavior with HDDs.</li>
 <li>
  Controllers configured with one or more SATA spare drives and firmware version 6.40 (or earlier) may halt with &quot;Lockup Code = 0xAB&quot; after 64, 128, or 256 days.</li>
 <li>
  HP Smart Array P812 controller onboard expander firmware was updated to version 3.12 to enforce 3Gbps SATA connection speeds which is the maximum supported SATA data rate on HP Smart Array P212, P410, P410i, P411, P711m, P712m, and P812 controllers.</li>
</ul>
]]>
</revision_fixes_xlate_part>
      </revision_fixes_xlate>
      <revision_fixes_xlate lang="ja">
        <revision_fixes_xlate_part>
<![CDATA[<p>
 <strong>バージョン6.60で修正された問題：</strong><br /> このファームウェアリリースは、次の問題を解決しました。</p>
<ul>
 <li>
  EFI ORCAでモードの切り替えを行った後に、コマンド “reconnect -r” を実行すると、コントローラー名が表示されませんでした。</li>
 <li>
  コントローラーがスーパーキャパシターなしで動作するように構成された場合、コントローラーがPOSTエラーメッセージ1805 “Cache Module Super-Cap is not installed” を表示しました。</li>
 <li>
  HDDでの温度動作を修正しました。</li>
 <li>
  1つ以上のSATAスペアドライブおよびファームウェアバージョンが6.40(またはそれ以前)で構成されたコントローラーが、64、128および256日経過後に"Lockup Code = 0xAB"により停止することがあります。</li>
 <li>
  HP SmartアレイP212, P410, P410i, P411, P711m, P712mおよびP812コントローラーでサポートされる最大のSATAデータレートである3GbpsのSATA接続速度を実行するために、HP SmartアレイP812コントローラーのオンボードエキスパンダーファームウェアが、バージョン3.12にアップデートされました。</li>
</ul>
]]>
</revision_fixes_xlate_part>
      </revision_fixes_xlate>
      <revision_fixes_xlate lang="ko">
        <revision_fixes_xlate_part>
<![CDATA[<p>  <strong>버전 6.60에서 해결된 문제:</strong><br /> 이 펌웨어 릴리스에서 다음과 같은 문제가 해결되었습니다.</p>
<ul>
 <li>   EFI ORCA에서 모드 전환을 수행한 후, 다음 명령을 실행하면 컨트롤러 이름이 표시되지 않습니다. “reconnect –r”.</li>
 <li>   컨트롤러가 슈퍼 커패시터가 없는 상태로 작동하도록 구성된 경우 POST 오류 메시지 1805 "캐시 모듈 슈퍼 커패시터가 설치되지 않음"을 표시했습니다.</li>
 <li>   HDD의 열 동작이 교정되었습니다.</li>
 <li>   하나 이상의 SATA 여분 드라이브 및 펌웨어 버전 6.40(또는 이전)으로 구성된 컨트롤러는 64, 128 또는 256일 후 "록업 코드 = 0xAB"와 함께 정지될 수 있습니다.</li>
 <li>   HP 스마트 어레이 P812 컨트롤러 온보드 익스팬더 펌웨어는 HP 스마트 어레이 P212, P410, P410i, P411, P711m, P712m 및 P812 컨트롤러에서 지원되는 최대 SATA 데이터 속도인 3Gbps SATA 연결 속도를 강제 적용하도록 버전 3.12로 업데이트되었습니다.</li>
</ul>
]]>
</revision_fixes_xlate_part>
      </revision_fixes_xlate>
      <revision_fixes_xlate lang="tw">
        <revision_fixes_xlate_part>
<![CDATA[<p>  <strong>6.60 版中修正的問題：</strong><br /> 此韌體版本已解決下列問題：</p>
<ul>
 <li>   在 EFI ORCA 執行模式切換後，執行命令 「reconnect –r」時不會顯示控制器名稱。</li>
 <li>   當設定控制器在無超級電容器情況中運作時，控制器顯示 POST 錯誤訊息 1805「Cache Module Super–Cap is not installed (未安裝快取模組超級電容器)」。</li>
 <li>   已修正 HDD 的熱活動問題。</li>
 <li>   控制器設定為具有一或多個 SATA 備用磁碟機且使用韌體版本 6.40 (或更早版本) 時，64、128，或 256 天後控制器可能會中止且「鎖定代碼 = 0xAB」。</li>
 <li>   HP Smart Array P812 控制器的內建擴充卡韌體已更新至 3.12 版本，會強制採用 3Gbps SATA 連線速度，此為的 HP Smart Array P212、P410、P410i、P411、P711m、P712m 與 P812 控制器上支援的最大 SATA 資料速率。</li>
</ul>
]]>
</revision_fixes_xlate_part>
      </revision_fixes_xlate>
    </revision>
  </revision_history>
  <sw_keys>
    <sw_keys_and>
      <sw_key name="3241103C">
        <sw_key_expectedpath>firmware</sw_key_expectedpath>
      </sw_key>
    </sw_keys_and>
    <sw_keys_and>
      <sw_key name="3243103C">
        <sw_key_expectedpath>firmware</sw_key_expectedpath>
      </sw_key>
    </sw_keys_and>
    <sw_keys_and>
      <sw_key name="3245103C">
        <sw_key_expectedpath>firmware</sw_key_expectedpath>
      </sw_key>
    </sw_keys_and>
    <sw_keys_and>
      <sw_key name="3247103C">
        <sw_key_expectedpath>firmware</sw_key_expectedpath>
      </sw_key>
    </sw_keys_and>
    <sw_keys_and>
      <sw_key name="3249103C">
        <sw_key_expectedpath>firmware</sw_key_expectedpath>
      </sw_key>
    </sw_keys_and>
    <sw_keys_and>
      <sw_key name="324B103C">
        <sw_key_expectedpath>firmware</sw_key_expectedpath>
      </sw_key>
    </sw_keys_and>
    <sw_keys_and>
      <sw_key name="324A103C">
        <sw_key_expectedpath>firmware</sw_key_expectedpath>
      </sw_key>
    </sw_keys_and>
  </sw_keys>
  <prerequisites>
    <supported_operating_systems>
      <supported_operating_system platform="nt_x86-64" major="6" minor="2" sr="OEM" name="Microsoft Windows Server 2012"/>
      <supported_operating_system platform="nt_x86-64" major="6" minor="1" sr="OEM" name="Microsoft Windows Server 2008 R2"/>
      <supported_operating_system platform="nt_x86-64" major="6" minor="0" sr="OEM" edition="core" name="Microsoft Windows Server 2008 x64 - Server Core Edition"/>
      <supported_operating_system platform="nt_x86-64" major="6" minor="0" sr="OEM" edition="srvr" name="Microsoft Windows Server 2008 x64 - Server Edition"/>
      <supported_operating_system platform="nt_x86-64" major="6" minor="2" sr="OEM" edition="Essentials" name="Microsoft Windows Server 2012 Essentials"/>
      <supported_operating_system platform="nt_x86-64" major="6" minor="3" sr="OEM" name="Microsoft Windows Server 2012 R2"/>
      <supported_operating_system platform="nt_x86-64" major="6" minor="0" sr="OEM" name="Microsoft Windows Server 2008 x64"/>
    </supported_operating_systems>
    <supported_devices>
      <supported_devices_and>
        <supported_device type="pci">
          <supported_device_data name="ven">103C</supported_device_data>
          <supported_device_data name="dev">323A</supported_device_data>
          <supported_device_data name="subven">103C</supported_device_data>
          <supported_device_data name="subdev">3241</supported_device_data>
        </supported_device>
      </supported_devices_and>
      <supported_devices_and>
        <supported_device type="pci">
          <supported_device_data name="ven">103C</supported_device_data>
          <supported_device_data name="dev">323A</supported_device_data>
          <supported_device_data name="subven">103C</supported_device_data>
          <supported_device_data name="subdev">3243</supported_device_data>
        </supported_device>
      </supported_devices_and>
      <supported_devices_and>
        <supported_device type="pci">
          <supported_device_data name="ven">103C</supported_device_data>
          <supported_device_data name="dev">323A</supported_device_data>
          <supported_device_data name="subven">103C</supported_device_data>
          <supported_device_data name="subdev">3245</supported_device_data>
        </supported_device>
      </supported_devices_and>
      <supported_devices_and>
        <supported_device type="pci">
          <supported_device_data name="ven">103C</supported_device_data>
          <supported_device_data name="dev">323A</supported_device_data>
          <supported_device_data name="subven">103C</supported_device_data>
          <supported_device_data name="subdev">3247</supported_device_data>
        </supported_device>
      </supported_devices_and>
      <supported_devices_and>
        <supported_device type="pci">
          <supported_device_data name="ven">103c</supported_device_data>
          <supported_device_data name="dev">323a</supported_device_data>
          <supported_device_data name="subven">103c</supported_device_data>
          <supported_device_data name="subdev">3249</supported_device_data>
        </supported_device>
      </supported_devices_and>
      <supported_devices_and>
        <supported_device type="pci">
          <supported_device_data name="ven">103C</supported_device_data>
          <supported_device_data name="dev">323A</supported_device_data>
          <supported_device_data name="subven">103C</supported_device_data>
          <supported_device_data name="subdev">324A</supported_device_data>
        </supported_device>
      </supported_devices_and>
      <supported_devices_and>
        <supported_device type="pci">
          <supported_device_data name="ven">103C</supported_device_data>
          <supported_device_data name="dev">323A</supported_device_data>
          <supported_device_data name="subven">103C</supported_device_data>
          <supported_device_data name="subdev">324B</supported_device_data>
        </supported_device>
      </supported_devices_and>
    </supported_devices>
    <required_diskspace size_kb="1500"/>
  </prerequisites>
  <installation>
    <install>
      <install_caps silent="yes" needuseracct="no"/>
      <command>cpqsetup.exe</command>
      <command_params></command_params>
      <reboot_required value="yes"/>
    </install>
    <uninstall>
      <uninstall_caps silent="no"/>
      <command></command>
      <command_params></command_params>
      <reboot_required value="no"/>
    </uninstall>
  </installation>
</cpq_package>
