<?xml version="1.0" encoding="UTF-8"?>
<hp_rom_discovery version="2.0.0.0">
<type value="MSA"/>
<alt_name value="ROM Flash for 3241103C, 3241103C, 3243103C, 3245103C, 3247103C, 3249103C, 324B103C, 324A103C Controller, Enclosure and Sep firmware"/>
<takes_effect value="deferred"/>
<devices>
<device>
<device_id value="P410"/>
<product_id value="P410"/>
<fw_item>
<type value="Controller ROM"/>
<version value="6.64"/>
<active_version value="6.64"/>
<action value="rewrite"/>
<duration value="900"/>
<shared value="no"/>
</fw_item>
</device>
</devices>
</hp_rom_discovery>
<?xml version="1.0" encoding="UTF-8"?>
<hp_rom_discovery version="2.0.0.0">
<type value="MSA"/>
<alt_name value="ROM Flash for 3241103C, 3241103C, 3243103C, 3245103C, 3247103C, 3249103C, 324B103C, 324A103C Controller, Enclosure and Sep firmware"/>
<takes_effect value="deferred"/>
<devices>
<device>
<device_id value="P410"/>
<product_id value="P410"/>
<fw_item>
<type value="Controller ROM"/>
<version value="6.64"/>
<active_version value="6.64"/>
<action value="rewrite"/>
<duration value="900"/>
<shared value="no"/>
</fw_item>
</device>
</devices>
</hp_rom_discovery>
<?xml version="1.0" encoding="UTF-8"?>
<hp_rom_discovery version="2.0.0.0">
<type value="MSA"/>
<alt_name value="ROM Flash for 3241103C, 3241103C, 3243103C, 3245103C, 3247103C, 3249103C, 324B103C, 324A103C Controller, Enclosure and Sep firmware"/>
<takes_effect value="deferred"/>
<devices>
<device>
<device_id value="P410"/>
<product_id value="P410"/>
<fw_item>
<type value="Controller ROM"/>
<version value="6.64"/>
<active_version value="6.40"/>
<action value="upgrade"/>
<duration value="900"/>
<shared value="no"/>
</fw_item>
</device>
<device>
<device_id value="P410"/>
<product_id value="P410"/>
<fw_item>
<type value="Controller ROM"/>
<version value="6.64"/>
<active_version value="3.66"/>
<action value="upgrade"/>
<duration value="900"/>
<shared value="no"/>
</fw_item>
</device>
</devices>
</hp_rom_discovery>
